filepath,filename,class,valid,reason,height,width,size_kb
C:\Users\Shivk\OneDrive\Desktop\ML Project\Facial_Skin_Condition_Detection\dataset\Facial_Eczema\acd-plaster__ProtectWyJQcm90ZWN0Il0_FocusFillWzI5NCwyMjIsIngiLDFd.jpg,acd-plaster__ProtectWyJQcm90ZWN0Il0_FocusFillWzI5NCwyMjIsIngiLDFd.jpg,Facial Eczema,True,,222,294,29.97
C:\Users\Shivk\OneDrive\Desktop\ML Project\Facial_Skin_Condition_Detection\dataset\Facial_Eczema\acd-rosin-face__ProtectWyJQcm90ZWN0Il0_FocusFillWzI5NCwyMjIsInkiLDE1XQ.jpg,acd-rosin-face__ProtectWyJQcm90ZWN0Il0_FocusFillWzI5NCwyMjIsInkiLDE1XQ.jpg,Facial Eczema,True,,222,294,30.57
C:\Users\Shivk\OneDrive\Desktop\ML Project\Facial_Skin_Condition_Detection\dataset\Facial_Eczema\acdnic__ProtectWyJQcm90ZWN0Il0_FocusFillWzI5NCwyMjIsIngiLDFd.jpg,acdnic__ProtectWyJQcm90ZWN0Il0_FocusFillWzI5NCwyMjIsIngiLDFd.jpg,Facial Eczema,True,,222,294,13.81
C:\Users\Shivk\OneDrive\Desktop\ML Project\Facial_Skin_Condition_Detection\dataset\Facial_Eczema\acdss__ProtectWyJQcm90ZWN0Il0_FocusFillWzI5NCwyMjIsIngiLDFd.jpg,acdss__ProtectWyJQcm90ZWN0Il0_FocusFillWzI5NCwyMjIsIngiLDFd.jpg,Facial Eczema,True,,222,294,28.53
C:\Users\Shivk\OneDrive\Desktop\ML Project\Facial_Skin_Condition_Detection\dataset\Seborrheic_Dermatitis\1.jpg,1.jpg,Seborrheic Dermatitis,True,,195,258,4.45
C:\Users\Shivk\OneDrive\Desktop\ML Project\Facial_Skin_Condition_Detection\dataset\Seborrheic_Dermatitis\2429__ProtectWyJQcm90ZWN0Il0_FocusFillWzI5NCwyMjIsInkiLDg1XQ.jpg,2429__ProtectWyJQcm90ZWN0Il0_FocusFillWzI5NCwyMjIsInkiLDg1XQ.jpg,Seborrheic Dermatitis,True,,222,294,25.25
C:\Users\Shivk\OneDrive\Desktop\ML Project\Facial_Skin_Condition_Detection\dataset\Seborrheic_Dermatitis\2432__ProtectWyJQcm90ZWN0Il0_FocusFillWzI5NCwyMjIsIngiLDFd.jpg,2432__ProtectWyJQcm90ZWN0Il0_FocusFillWzI5NCwyMjIsIngiLDFd.jpg,Seborrheic Dermatitis,True,,222,294,23.39
C:\Users\Shivk\OneDrive\Desktop\ML Project\Facial_Skin_Condition_Detection\dataset\Seborrheic_Dermatitis\2435__ProtectWyJQcm90ZWN0Il0_FocusFillWzI5NCwyMjIsIngiLDFd.jpg,2435__ProtectWyJQcm90ZWN0Il0_FocusFillWzI5NCwyMjIsIngiLDFd.jpg,Seborrheic Dermatitis,True,,222,294,17.23
C:\Users\Shivk\OneDrive\Desktop\ML Project\Facial_Skin_Condition_Detection\dataset\Seborrheic_Dermatitis\2437__ProtectWyJQcm90ZWN0Il0_FocusFillWzI5NCwyMjIsIngiLDFd.jpg,2437__ProtectWyJQcm90ZWN0Il0_FocusFillWzI5NCwyMjIsIngiLDFd.jpg,Seborrheic Dermatitis,True,,222,294,22.16
C:\Users\Shivk\OneDrive\Desktop\ML Project\Facial_Skin_Condition_Detection\dataset\Seborrheic_Dermatitis\2440__ProtectWyJQcm90ZWN0Il0_FocusFillWzI5NCwyMjIsInkiLDM2XQ.jpg,2440__ProtectWyJQcm90ZWN0Il0_FocusFillWzI5NCwyMjIsInkiLDM2XQ.jpg,Seborrheic Dermatitis,True,,222,294,21.8
C:\Users\Shivk\OneDrive\Desktop\ML Project\Facial_Skin_Condition_Detection\dataset\Seborrheic_Dermatitis\2441__ProtectWyJQcm90ZWN0Il0_FocusFillWzI5NCwyMjIsInkiLDM2XQ.jpg,2441__ProtectWyJQcm90ZWN0Il0_FocusFillWzI5NCwyMjIsInkiLDM2XQ.jpg,Seborrheic Dermatitis,True,,222,294,22.4
C:\Users\Shivk\OneDrive\Desktop\ML Project\Facial_Skin_Condition_Detection\dataset\Seborrheic_Dermatitis\2442__ProtectWyJQcm90ZWN0Il0_FocusFillWzI5NCwyMjIsInkiLDM2XQ.jpg,2442__ProtectWyJQcm90ZWN0Il0_FocusFillWzI5NCwyMjIsInkiLDM2XQ.jpg,Seborrheic Dermatitis,True,,222,294,17.15
C:\Users\Shivk\OneDrive\Desktop\ML Project\Facial_Skin_Condition_Detection\dataset\Seborrheic_Dermatitis\2446__ProtectWyJQcm90ZWN0Il0_FocusFillWzI5NCwyMjIsIngiLDFd.jpg,2446__ProtectWyJQcm90ZWN0Il0_FocusFillWzI5NCwyMjIsIngiLDFd.jpg,Seborrheic Dermatitis,True,,222,294,18.66
C:\Users\Shivk\OneDrive\Desktop\ML Project\Facial_Skin_Condition_Detection\dataset\Seborrheic_Dermatitis\2447__ProtectWyJQcm90ZWN0Il0_FocusFillWzI5NCwyMjIsIngiLDE0XQ.jpg,2447__ProtectWyJQcm90ZWN0Il0_FocusFillWzI5NCwyMjIsIngiLDE0XQ.jpg,Seborrheic Dermatitis,True,,222,294,23.44
C:\Users\Shivk\OneDrive\Desktop\ML Project\Facial_Skin_Condition_Detection\dataset\Seborrheic_Dermatitis\2450__ProtectWyJQcm90ZWN0Il0_FocusFillWzI5NCwyMjIsInkiLDM2XQ.jpg,2450__ProtectWyJQcm90ZWN0Il0_FocusFillWzI5NCwyMjIsInkiLDM2XQ.jpg,Seborrheic Dermatitis,True,,222,294,20.6
C:\Users\Shivk\OneDrive\Desktop\ML Project\Facial_Skin_Condition_Detection\dataset\Seborrheic_Dermatitis\2451__ProtectWyJQcm90ZWN0Il0_FocusFillWzI5NCwyMjIsIngiLDI1XQ.jpg,2451__ProtectWyJQcm90ZWN0Il0_FocusFillWzI5NCwyMjIsIngiLDI1XQ.jpg,Seborrheic Dermatitis,True,,222,294,35.57
C:\Users\Shivk\OneDrive\Desktop\ML Project\Facial_Skin_Condition_Detection\dataset\Seborrheic_Dermatitis\2763__ProtectWyJQcm90ZWN0Il0_FocusFillWzI5NCwyMjIsIngiLDFd.jpg,2763__ProtectWyJQcm90ZWN0Il0_FocusFillWzI5NCwyMjIsIngiLDFd.jpg,Seborrheic Dermatitis,True,,222,294,15.91
C:\Users\Shivk\OneDrive\Desktop\ML Project\Facial_Skin_Condition_Detection\dataset\Seborrheic_Dermatitis\3604__ProtectWyJQcm90ZWN0Il0_FocusFillWzI5NCwyMjIsIngiLDFd.jpg,3604__ProtectWyJQcm90ZWN0Il0_FocusFillWzI5NCwyMjIsIngiLDFd.jpg,Seborrheic Dermatitis,True,,222,294,18.82
C:\Users\Shivk\OneDrive\Desktop\ML Project\Facial_Skin_Condition_Detection\dataset\Seborrheic_Dermatitis\3618__ProtectWyJQcm90ZWN0Il0_FocusFillWzI5NCwyMjIsIngiLDFd.jpg,3618__ProtectWyJQcm90ZWN0Il0_FocusFillWzI5NCwyMjIsIngiLDFd.jpg,Seborrheic Dermatitis,True,,222,294,24.85
C:\Users\Shivk\OneDrive\Desktop\ML Project\Facial_Skin_Condition_Detection\dataset\Seborrheic_Dermatitis\3624__ProtectWyJQcm90ZWN0Il0_FocusFillWzI5NCwyMjIsIngiLDFd.jpg,3624__ProtectWyJQcm90ZWN0Il0_FocusFillWzI5NCwyMjIsIngiLDFd.jpg,Seborrheic Dermatitis,True,,222,294,22.41
C:\Users\Shivk\OneDrive\Desktop\ML Project\Facial_Skin_Condition_Detection\dataset\Seborrheic_Dermatitis\3626__ProtectWyJQcm90ZWN0Il0_FocusFillWzI5NCwyMjIsIngiLDFd.jpg,3626__ProtectWyJQcm90ZWN0Il0_FocusFillWzI5NCwyMjIsIngiLDFd.jpg,Seborrheic Dermatitis,True,,222,294,33.99
C:\Users\Shivk\OneDrive\Desktop\ML Project\Facial_Skin_Condition_Detection\dataset\Seborrheic_Dermatitis\3627__ProtectWyJQcm90ZWN0Il0_FocusFillWzI5NCwyMjIsIngiLDFd.jpg,3627__ProtectWyJQcm90ZWN0Il0_FocusFillWzI5NCwyMjIsIngiLDFd.jpg,Seborrheic Dermatitis,True,,222,294,19.47
C:\Users\Shivk\OneDrive\Desktop\ML Project\Facial_Skin_Condition_Detection\dataset\Seborrheic_Dermatitis\3631__ProtectWyJQcm90ZWN0Il0_FocusFillWzI5NCwyMjIsIngiLDFd.jpg,3631__ProtectWyJQcm90ZWN0Il0_FocusFillWzI5NCwyMjIsIngiLDFd.jpg,Seborrheic Dermatitis,True,,222,294,28.82
C:\Users\Shivk\OneDrive\Desktop\ML Project\Facial_Skin_Condition_Detection\dataset\Seborrheic_Dermatitis\3632__ProtectWyJQcm90ZWN0Il0_FocusFillWzI5NCwyMjIsInkiLDM2XQ.jpg,3632__ProtectWyJQcm90ZWN0Il0_FocusFillWzI5NCwyMjIsInkiLDM2XQ.jpg,Seborrheic Dermatitis,True,,222,294,23.44
C:\Users\Shivk\OneDrive\Desktop\ML Project\Facial_Skin_Condition_Detection\dataset\Seborrheic_Dermatitis\3634__ProtectWyJQcm90ZWN0Il0_FocusFillWzI5NCwyMjIsIngiLDBd.jpg,3634__ProtectWyJQcm90ZWN0Il0_FocusFillWzI5NCwyMjIsIngiLDBd.jpg,Seborrheic Dermatitis,True,,222,294,21.17
C:\Users\Shivk\OneDrive\Desktop\ML Project\Facial_Skin_Condition_Detection\dataset\Seborrheic_Dermatitis\3648__ProtectWyJQcm90ZWN0Il0_FocusFillWzI5NCwyMjIsIngiLDFd.jpg,3648__ProtectWyJQcm90ZWN0Il0_FocusFillWzI5NCwyMjIsIngiLDFd.jpg,Seborrheic Dermatitis,True,,222,294,27.2
C:\Users\Shivk\OneDrive\Desktop\ML Project\Facial_Skin_Condition_Detection\dataset\Seborrheic_Dermatitis\3649__ProtectWyJQcm90ZWN0Il0_FocusFillWzI5NCwyMjIsIngiLDFd.jpg,3649__ProtectWyJQcm90ZWN0Il0_FocusFillWzI5NCwyMjIsIngiLDFd.jpg,Seborrheic Dermatitis,True,,222,294,20.25
C:\Users\Shivk\OneDrive\Desktop\ML Project\Facial_Skin_Condition_Detection\dataset\Seborrheic_Dermatitis\3650__ProtectWyJQcm90ZWN0Il0_FocusFillWzI5NCwyMjIsIngiLDFd.jpg,3650__ProtectWyJQcm90ZWN0Il0_FocusFillWzI5NCwyMjIsIngiLDFd.jpg,Seborrheic Dermatitis,True,,222,294,20.65
C:\Users\Shivk\OneDrive\Desktop\ML Project\Facial_Skin_Condition_Detection\dataset\Seborrheic_Dermatitis\3651__ProtectWyJQcm90ZWN0Il0_FocusFillWzI5NCwyMjIsIngiLDRd.jpg,3651__ProtectWyJQcm90ZWN0Il0_FocusFillWzI5NCwyMjIsIngiLDRd.jpg,Seborrheic Dermatitis,True,,222,294,25.74
C:\Users\Shivk\OneDrive\Desktop\ML Project\Facial_Skin_Condition_Detection\dataset\Seborrheic_Dermatitis\566.jpg,566.jpg,Seborrheic Dermatitis,True,,222,294,9.6
C:\Users\Shivk\OneDrive\Desktop\ML Project\Facial_Skin_Condition_Detection\dataset\Seborrheic_Dermatitis\569.jpg,569.jpg,Seborrheic Dermatitis,True,,222,294,10.93
C:\Users\Shivk\OneDrive\Desktop\ML Project\Facial_Skin_Condition_Detection\dataset\Seborrheic_Dermatitis\577.jpg,577.jpg,Seborrheic Dermatitis,True,,222,294,8.23
C:\Users\Shivk\OneDrive\Desktop\ML Project\Facial_Skin_Condition_Detection\dataset\Seborrheic_Dermatitis\578.jpg,578.jpg,Seborrheic Dermatitis,True,,222,294,9.33
C:\Users\Shivk\OneDrive\Desktop\ML Project\Facial_Skin_Condition_Detection\dataset\Seborrheic_Dermatitis\579.jpg,579.jpg,Seborrheic Dermatitis,True,,222,294,7.48
C:\Users\Shivk\OneDrive\Desktop\ML Project\Facial_Skin_Condition_Detection\dataset\Seborrheic_Dermatitis\588.jpg,588.jpg,Seborrheic Dermatitis,True,,222,294,20.55
C:\Users\Shivk\OneDrive\Desktop\ML Project\Facial_Skin_Condition_Detection\dataset\Seborrheic_Dermatitis\591.jpg,591.jpg,Seborrheic Dermatitis,True,,222,294,16.66
C:\Users\Shivk\OneDrive\Desktop\ML Project\Facial_Skin_Condition_Detection\dataset\Seborrheic_Dermatitis\594.jpg,594.jpg,Seborrheic Dermatitis,True,,222,294,21.42
C:\Users\Shivk\OneDrive\Desktop\ML Project\Facial_Skin_Condition_Detection\dataset\Seborrheic_Dermatitis\597.jpg,597.jpg,Seborrheic Dermatitis,True,,222,294,27.34
C:\Users\Shivk\OneDrive\Desktop\ML Project\Facial_Skin_Condition_Detection\dataset\Seborrheic_Dermatitis\598.jpg,598.jpg,Seborrheic Dermatitis,True,,222,294,20.94
C:\Users\Shivk\OneDrive\Desktop\ML Project\Facial_Skin_Condition_Detection\dataset\Seborrheic_Dermatitis\600.jpg,600.jpg,Seborrheic Dermatitis,True,,222,294,20.75
C:\Users\Shivk\OneDrive\Desktop\ML Project\Facial_Skin_Condition_Detection\dataset\Seborrheic_Dermatitis\602.jpg,602.jpg,Seborrheic Dermatitis,True,,222,294,24.47
C:\Users\Shivk\OneDrive\Desktop\ML Project\Facial_Skin_Condition_Detection\dataset\Seborrheic_Dermatitis\604.jpg,604.jpg,Seborrheic Dermatitis,True,,222,294,21.15
C:\Users\Shivk\OneDrive\Desktop\ML Project\Facial_Skin_Condition_Detection\dataset\Seborrheic_Dermatitis\606.jpg,606.jpg,Seborrheic Dermatitis,True,,222,294,21.9
C:\Users\Shivk\OneDrive\Desktop\ML Project\Facial_Skin_Condition_Detection\dataset\Seborrheic_Dermatitis\615.jpg,615.jpg,Seborrheic Dermatitis,True,,222,294,18.12
C:\Users\Shivk\OneDrive\Desktop\ML Project\Facial_Skin_Condition_Detection\dataset\Seborrheic_Dermatitis\616.jpg,616.jpg,Seborrheic Dermatitis,True,,222,294,21.49
C:\Users\Shivk\OneDrive\Desktop\ML Project\Facial_Skin_Condition_Detection\dataset\Seborrheic_Dermatitis\623.jpg,623.jpg,Seborrheic Dermatitis,True,,222,294,25.15
C:\Users\Shivk\OneDrive\Desktop\ML Project\Facial_Skin_Condition_Detection\dataset\Seborrheic_Dermatitis\625.jpg,625.jpg,Seborrheic Dermatitis,True,,222,294,25.22
C:\Users\Shivk\OneDrive\Desktop\ML Project\Facial_Skin_Condition_Detection\dataset\Seborrheic_Dermatitis\626.jpg,626.jpg,Seborrheic Dermatitis,True,,222,294,18.31
C:\Users\Shivk\OneDrive\Desktop\ML Project\Facial_Skin_Condition_Detection\dataset\Seborrheic_Dermatitis\627.jpg,627.jpg,Seborrheic Dermatitis,True,,222,294,21.17
C:\Users\Shivk\OneDrive\Desktop\ML Project\Facial_Skin_Condition_Detection\dataset\Seborrheic_Dermatitis\628.jpg,628.jpg,Seborrheic Dermatitis,True,,222,294,22.56
C:\Users\Shivk\OneDrive\Desktop\ML Project\Facial_Skin_Condition_Detection\dataset\Seborrheic_Dermatitis\630.jpg,630.jpg,Seborrheic Dermatitis,True,,222,294,27.92
C:\Users\Shivk\OneDrive\Desktop\ML Project\Facial_Skin_Condition_Detection\dataset\Seborrheic_Dermatitis\634.jpg,634.jpg,Seborrheic Dermatitis,True,,222,294,24.29
C:\Users\Shivk\OneDrive\Desktop\ML Project\Facial_Skin_Condition_Detection\dataset\Seborrheic_Dermatitis\636.jpg,636.jpg,Seborrheic Dermatitis,True,,222,294,25.43
C:\Users\Shivk\OneDrive\Desktop\ML Project\Facial_Skin_Condition_Detection\dataset\Seborrheic_Dermatitis\640.jpg,640.jpg,Seborrheic Dermatitis,True,,222,294,6.84
C:\Users\Shivk\OneDrive\Desktop\ML Project\Facial_Skin_Condition_Detection\dataset\Seborrheic_Dermatitis\642.jpg,642.jpg,Seborrheic Dermatitis,True,,222,294,5.85
C:\Users\Shivk\OneDrive\Desktop\ML Project\Facial_Skin_Condition_Detection\dataset\Seborrheic_Dermatitis\649.jpg,649.jpg,Seborrheic Dermatitis,True,,222,294,8.21
C:\Users\Shivk\OneDrive\Desktop\ML Project\Facial_Skin_Condition_Detection\dataset\Seborrheic_Dermatitis\651.jpg,651.jpg,Seborrheic Dermatitis,True,,222,294,19.07
C:\Users\Shivk\OneDrive\Desktop\ML Project\Facial_Skin_Condition_Detection\dataset\Seborrheic_Dermatitis\656.jpg,656.jpg,Seborrheic Dermatitis,True,,222,294,5.24
C:\Users\Shivk\OneDrive\Desktop\ML Project\Facial_Skin_Condition_Detection\dataset\Seborrheic_Dermatitis\663.jpg,663.jpg,Seborrheic Dermatitis,True,,222,294,22.86
C:\Users\Shivk\OneDrive\Desktop\ML Project\Facial_Skin_Condition_Detection\dataset\Seborrheic_Dermatitis\668.jpg,668.jpg,Seborrheic Dermatitis,True,,222,294,23.23
C:\Users\Shivk\OneDrive\Desktop\ML Project\Facial_Skin_Condition_Detection\dataset\Seborrheic_Dermatitis\669.jpg,669.jpg,Seborrheic Dermatitis,True,,222,294,22.36
C:\Users\Shivk\OneDrive\Desktop\ML Project\Facial_Skin_Condition_Detection\dataset\Seborrheic_Dermatitis\671.jpg,671.jpg,Seborrheic Dermatitis,True,,222,294,20.19
C:\Users\Shivk\OneDrive\Desktop\ML Project\Facial_Skin_Condition_Detection\dataset\Seborrheic_Dermatitis\672.jpg,672.jpg,Seborrheic Dermatitis,True,,222,294,18.59
C:\Users\Shivk\OneDrive\Desktop\ML Project\Facial_Skin_Condition_Detection\dataset\Seborrheic_Dermatitis\673.jpg,673.jpg,Seborrheic Dermatitis,True,,222,294,24.84
C:\Users\Shivk\OneDrive\Desktop\ML Project\Facial_Skin_Condition_Detection\dataset\Seborrheic_Dermatitis\676.jpg,676.jpg,Seborrheic Dermatitis,True,,222,294,25.32
C:\Users\Shivk\OneDrive\Desktop\ML Project\Facial_Skin_Condition_Detection\dataset\Seborrheic_Dermatitis\679.jpg,679.jpg,Seborrheic Dermatitis,True,,222,294,20.61
C:\Users\Shivk\OneDrive\Desktop\ML Project\Facial_Skin_Condition_Detection\dataset\Seborrheic_Dermatitis\690.jpg,690.jpg,Seborrheic Dermatitis,True,,222,294,7.64
C:\Users\Shivk\OneDrive\Desktop\ML Project\Facial_Skin_Condition_Detection\dataset\Seborrheic_Dermatitis\691.jpg,691.jpg,Seborrheic Dermatitis,True,,222,294,7.1
C:\Users\Shivk\OneDrive\Desktop\ML Project\Facial_Skin_Condition_Detection\dataset\Seborrheic_Dermatitis\692.jpg,692.jpg,Seborrheic Dermatitis,True,,222,294,9.09
C:\Users\Shivk\OneDrive\Desktop\ML Project\Facial_Skin_Condition_Detection\dataset\Seborrheic_Dermatitis\693.jpg,693.jpg,Seborrheic Dermatitis,True,,222,294,7.94
C:\Users\Shivk\OneDrive\Desktop\ML Project\Facial_Skin_Condition_Detection\dataset\Seborrheic_Dermatitis\696.jpg,696.jpg,Seborrheic Dermatitis,True,,222,294,7.48
C:\Users\Shivk\OneDrive\Desktop\ML Project\Facial_Skin_Condition_Detection\dataset\Seborrheic_Dermatitis\701.jpg,701.jpg,Seborrheic Dermatitis,True,,222,294,7.9
C:\Users\Shivk\OneDrive\Desktop\ML Project\Facial_Skin_Condition_Detection\dataset\Seborrheic_Dermatitis\702.jpg,702.jpg,Seborrheic Dermatitis,True,,222,294,7.04
C:\Users\Shivk\OneDrive\Desktop\ML Project\Facial_Skin_Condition_Detection\dataset\Seborrheic_Dermatitis\707.jpg,707.jpg,Seborrheic Dermatitis,True,,222,294,6.38
C:\Users\Shivk\OneDrive\Desktop\ML Project\Facial_Skin_Condition_Detection\dataset\Seborrheic_Dermatitis\708.jpg,708.jpg,Seborrheic Dermatitis,True,,222,294,7.2
C:\Users\Shivk\OneDrive\Desktop\ML Project\Facial_Skin_Condition_Detection\dataset\Seborrheic_Dermatitis\709.jpg,709.jpg,Seborrheic Dermatitis,True,,222,294,7.06
C:\Users\Shivk\OneDrive\Desktop\ML Project\Facial_Skin_Condition_Detection\dataset\Seborrheic_Dermatitis\722.jpg,722.jpg,Seborrheic Dermatitis,True,,222,294,6.2
C:\Users\Shivk\OneDrive\Desktop\ML Project\Facial_Skin_Condition_Detection\dataset\Seborrheic_Dermatitis\724.jpg,724.jpg,Seborrheic Dermatitis,True,,222,294,6.88
C:\Users\Shivk\OneDrive\Desktop\ML Project\Facial_Skin_Condition_Detection\dataset\Seborrheic_Dermatitis\725.jpg,725.jpg,Seborrheic Dermatitis,True,,222,294,8.61
C:\Users\Shivk\OneDrive\Desktop\ML Project\Facial_Skin_Condition_Detection\dataset\Seborrheic_Dermatitis\728.jpg,728.jpg,Seborrheic Dermatitis,True,,195,258,6.19
C:\Users\Shivk\OneDrive\Desktop\ML Project\Facial_Skin_Condition_Detection\dataset\Seborrheic_Dermatitis\742.jpg,742.jpg,Seborrheic Dermatitis,True,,195,258,4.28
C:\Users\Shivk\OneDrive\Desktop\ML Project\Facial_Skin_Condition_Detection\dataset\Seborrheic_Dermatitis\776.jpg,776.jpg,Seborrheic Dermatitis,True,,195,258,5.12
C:\Users\Shivk\OneDrive\Desktop\ML Project\Facial_Skin_Condition_Detection\dataset\Seborrheic_Dermatitis\786.jpg,786.jpg,Seborrheic Dermatitis,True,,195,258,3.88
C:\Users\Shivk\OneDrive\Desktop\ML Project\Facial_Skin_Condition_Detection\dataset\Seborrheic_Dermatitis\acrfac__ProtectWyJQcm90ZWN0Il0_FocusFillWzI5NCwyMjIsIngiLDFd.jpg,acrfac__ProtectWyJQcm90ZWN0Il0_FocusFillWzI5NCwyMjIsIngiLDFd.jpg,Seborrheic Dermatitis,True,,222,294,24.11
C:\Users\Shivk\OneDrive\Desktop\ML Project\Facial_Skin_Condition_Detection\dataset\Seborrheic_Dermatitis\alop-mucinosa1__ProtectWyJQcm90ZWN0Il0_FocusFillWzI5NCwyMjIsInkiLDg1XQ.jpg,alop-mucinosa1__ProtectWyJQcm90ZWN0Il0_FocusFillWzI5NCwyMjIsInkiLDg1XQ.jpg,Seborrheic Dermatitis,True,,222,294,19.76
C:\Users\Shivk\OneDrive\Desktop\ML Project\Facial_Skin_Condition_Detection\dataset\Seborrheic_Dermatitis\alopecia1__ProtectWyJQcm90ZWN0Il0_FocusFillWzI5NCwyMjIsIngiLDFd.jpg,alopecia1__ProtectWyJQcm90ZWN0Il0_FocusFillWzI5NCwyMjIsIngiLDFd.jpg,Seborrheic Dermatitis,True,,222,294,24.5
C:\Users\Shivk\OneDrive\Desktop\ML Project\Facial_Skin_Condition_Detection\dataset\Seborrheic_Dermatitis\t-seborrheic-dermatitis-101.jpg,t-seborrheic-dermatitis-101.jpg,Seborrheic Dermatitis,True,,720,480,88.86
C:\Users\Shivk\OneDrive\Desktop\ML Project\Facial_Skin_Condition_Detection\dataset\Seborrheic_Dermatitis\t-seborrheic-dermatitis-102.jpg,t-seborrheic-dermatitis-102.jpg,Seborrheic Dermatitis,True,,720,480,85.44
C:\Users\Shivk\OneDrive\Desktop\ML Project\Facial_Skin_Condition_Detection\dataset\Seborrheic_Dermatitis\t-seborrheic-dermatitis-104.jpg,t-seborrheic-dermatitis-104.jpg,Seborrheic Dermatitis,True,,480,720,110.35
C:\Users\Shivk\OneDrive\Desktop\ML Project\Facial_Skin_Condition_Detection\dataset\Seborrheic_Dermatitis\t-seborrheic-dermatitis-106.jpg,t-seborrheic-dermatitis-106.jpg,Seborrheic Dermatitis,True,,472,720,100.65
C:\Users\Shivk\OneDrive\Desktop\ML Project\Facial_Skin_Condition_Detection\dataset\Seborrheic_Dermatitis\t-seborrheic-dermatitis-109.jpg,t-seborrheic-dermatitis-109.jpg,Seborrheic Dermatitis,True,,480,720,86.61
C:\Users\Shivk\OneDrive\Desktop\ML Project\Facial_Skin_Condition_Detection\dataset\Seborrheic_Dermatitis\t-seborrheic-dermatitis-110.jpg,t-seborrheic-dermatitis-110.jpg,Seborrheic Dermatitis,True,,720,480,125.09
C:\Users\Shivk\OneDrive\Desktop\ML Project\Facial_Skin_Condition_Detection\dataset\Seborrheic_Dermatitis\t-seborrheic-dermatitis-111.jpg,t-seborrheic-dermatitis-111.jpg,Seborrheic Dermatitis,True,,480,720,123.53
C:\Users\Shivk\OneDrive\Desktop\ML Project\Facial_Skin_Condition_Detection\dataset\Seborrheic_Dermatitis\t-seborrheic-dermatitis-112.jpg,t-seborrheic-dermatitis-112.jpg,Seborrheic Dermatitis,True,,480,720,125.74
C:\Users\Shivk\OneDrive\Desktop\ML Project\Facial_Skin_Condition_Detection\dataset\Seborrheic_Dermatitis\t-seborrheic-dermatitis-115.jpg,t-seborrheic-dermatitis-115.jpg,Seborrheic Dermatitis,True,,472,720,96.93
C:\Users\Shivk\OneDrive\Desktop\ML Project\Facial_Skin_Condition_Detection\dataset\Seborrheic_Dermatitis\t-seborrheic-dermatitis-118.jpg,t-seborrheic-dermatitis-118.jpg,Seborrheic Dermatitis,True,,472,720,97.68
C:\Users\Shivk\OneDrive\Desktop\ML Project\Facial_Skin_Condition_Detection\dataset\Seborrheic_Dermatitis\t-seborrheic-dermatitis-119.jpg,t-seborrheic-dermatitis-119.jpg,Seborrheic Dermatitis,True,,472,720,96.83
C:\Users\Shivk\OneDrive\Desktop\ML Project\Facial_Skin_Condition_Detection\dataset\Seborrheic_Dermatitis\t-seborrheic-dermatitis-120.jpg,t-seborrheic-dermatitis-120.jpg,Seborrheic Dermatitis,True,,472,720,100.76
C:\Users\Shivk\OneDrive\Desktop\ML Project\Facial_Skin_Condition_Detection\dataset\Seborrheic_Dermatitis\t-seborrheic-dermatitis-121.jpg,t-seborrheic-dermatitis-121.jpg,Seborrheic Dermatitis,True,,472,720,89.5
C:\Users\Shivk\OneDrive\Desktop\ML Project\Facial_Skin_Condition_Detection\dataset\Seborrheic_Dermatitis\t-seborrheic-dermatitis-123.jpg,t-seborrheic-dermatitis-123.jpg,Seborrheic Dermatitis,True,,472,720,80.96
C:\Users\Shivk\OneDrive\Desktop\ML Project\Facial_Skin_Condition_Detection\dataset\Seborrheic_Dermatitis\t-seborrheic-dermatitis-124.jpg,t-seborrheic-dermatitis-124.jpg,Seborrheic Dermatitis,True,,472,720,92.9
C:\Users\Shivk\OneDrive\Desktop\ML Project\Facial_Skin_Condition_Detection\dataset\Seborrheic_Dermatitis\t-seborrheic-dermatitis-128.jpg,t-seborrheic-dermatitis-128.jpg,Seborrheic Dermatitis,True,,472,720,100.03
C:\Users\Shivk\OneDrive\Desktop\ML Project\Facial_Skin_Condition_Detection\dataset\Seborrheic_Dermatitis\t-seborrheic-dermatitis-130.jpg,t-seborrheic-dermatitis-130.jpg,Seborrheic Dermatitis,True,,472,720,104.62
C:\Users\Shivk\OneDrive\Desktop\ML Project\Facial_Skin_Condition_Detection\dataset\Seborrheic_Dermatitis\t-seborrheic-dermatitis-133.jpg,t-seborrheic-dermatitis-133.jpg,Seborrheic Dermatitis,True,,472,720,97.26
C:\Users\Shivk\OneDrive\Desktop\ML Project\Facial_Skin_Condition_Detection\dataset\Seborrheic_Dermatitis\t-seborrheic-dermatitis-134.jpg,t-seborrheic-dermatitis-134.jpg,Seborrheic Dermatitis,True,,472,720,106.42
C:\Users\Shivk\OneDrive\Desktop\ML Project\Facial_Skin_Condition_Detection\dataset\Seborrheic_Dermatitis\t-seborrheic-dermatitis-136.jpg,t-seborrheic-dermatitis-136.jpg,Seborrheic Dermatitis,True,,476,720,161.44
C:\Users\Shivk\OneDrive\Desktop\ML Project\Facial_Skin_Condition_Detection\dataset\Seborrheic_Dermatitis\t-seborrheic-dermatitis-140.jpg,t-seborrheic-dermatitis-140.jpg,Seborrheic Dermatitis,True,,720,476,87.47
C:\Users\Shivk\OneDrive\Desktop\ML Project\Facial_Skin_Condition_Detection\dataset\Seborrheic_Dermatitis\t-seborrheic-dermatitis-142.jpg,t-seborrheic-dermatitis-142.jpg,Seborrheic Dermatitis,True,,466,720,103.13
C:\Users\Shivk\OneDrive\Desktop\ML Project\Facial_Skin_Condition_Detection\dataset\Seborrheic_Dermatitis\t-seborrheic-dermatitis-143.jpg,t-seborrheic-dermatitis-143.jpg,Seborrheic Dermatitis,True,,720,482,88.01
C:\Users\Shivk\OneDrive\Desktop\ML Project\Facial_Skin_Condition_Detection\dataset\Seborrheic_Dermatitis\t-seborrheic-dermatitis-144.jpg,t-seborrheic-dermatitis-144.jpg,Seborrheic Dermatitis,True,,471,720,71.75
C:\Users\Shivk\OneDrive\Desktop\ML Project\Facial_Skin_Condition_Detection\dataset\Seborrheic_Dermatitis\t-seborrheic-dermatitis-145.jpg,t-seborrheic-dermatitis-145.jpg,Seborrheic Dermatitis,True,,460,720,56.53
C:\Users\Shivk\OneDrive\Desktop\ML Project\Facial_Skin_Condition_Detection\dataset\Seborrheic_Dermatitis\t-seborrheic-dermatitis-147.jpg,t-seborrheic-dermatitis-147.jpg,Seborrheic Dermatitis,True,,720,462,72.27
C:\Users\Shivk\OneDrive\Desktop\ML Project\Facial_Skin_Condition_Detection\dataset\Seborrheic_Dermatitis\t-seborrheic-dermatitis-150.jpg,t-seborrheic-dermatitis-150.jpg,Seborrheic Dermatitis,True,,496,720,131.08
C:\Users\Shivk\OneDrive\Desktop\ML Project\Facial_Skin_Condition_Detection\dataset\Seborrheic_Dermatitis\t-seborrheic-dermatitis-151.jpg,t-seborrheic-dermatitis-151.jpg,Seborrheic Dermatitis,True,,720,496,93.22
C:\Users\Shivk\OneDrive\Desktop\ML Project\Facial_Skin_Condition_Detection\dataset\Seborrheic_Dermatitis\t-seborrheic-dermatitis-152.jpg,t-seborrheic-dermatitis-152.jpg,Seborrheic Dermatitis,True,,720,496,96.49
C:\Users\Shivk\OneDrive\Desktop\ML Project\Facial_Skin_Condition_Detection\dataset\Seborrheic_Dermatitis\t-seborrheic-dermatitis-76.jpg,t-seborrheic-dermatitis-76.jpg,Seborrheic Dermatitis,True,,480,720,91.92
C:\Users\Shivk\OneDrive\Desktop\ML Project\Facial_Skin_Condition_Detection\dataset\Seborrheic_Dermatitis\t-seborrheic-dermatitis-79.jpg,t-seborrheic-dermatitis-79.jpg,Seborrheic Dermatitis,True,,472,720,103.31
C:\Users\Shivk\OneDrive\Desktop\ML Project\Facial_Skin_Condition_Detection\dataset\Seborrheic_Dermatitis\t-seborrheic-dermatitis-8.jpg,t-seborrheic-dermatitis-8.jpg,Seborrheic Dermatitis,True,,472,720,107.72
C:\Users\Shivk\OneDrive\Desktop\ML Project\Facial_Skin_Condition_Detection\dataset\Seborrheic_Dermatitis\t-seborrheic-dermatitis-80.jpg,t-seborrheic-dermatitis-80.jpg,Seborrheic Dermatitis,True,,472,720,47.29
C:\Users\Shivk\OneDrive\Desktop\ML Project\Facial_Skin_Condition_Detection\dataset\Seborrheic_Dermatitis\t-seborrheic-dermatitis-81.jpg,t-seborrheic-dermatitis-81.jpg,Seborrheic Dermatitis,True,,480,720,154.02
C:\Users\Shivk\OneDrive\Desktop\ML Project\Facial_Skin_Condition_Detection\dataset\Seborrheic_Dermatitis\t-seborrheic-dermatitis-83.jpg,t-seborrheic-dermatitis-83.jpg,Seborrheic Dermatitis,True,,480,720,117.49
C:\Users\Shivk\OneDrive\Desktop\ML Project\Facial_Skin_Condition_Detection\dataset\Seborrheic_Dermatitis\t-seborrheic-dermatitis-85.jpg,t-seborrheic-dermatitis-85.jpg,Seborrheic Dermatitis,True,,472,720,71.9
C:\Users\Shivk\OneDrive\Desktop\ML Project\Facial_Skin_Condition_Detection\dataset\Seborrheic_Dermatitis\t-seborrheic-dermatitis-88.jpg,t-seborrheic-dermatitis-88.jpg,Seborrheic Dermatitis,True,,720,480,68.67
C:\Users\Shivk\OneDrive\Desktop\ML Project\Facial_Skin_Condition_Detection\dataset\Seborrheic_Dermatitis\t-seborrheic-dermatitis-93.jpg,t-seborrheic-dermatitis-93.jpg,Seborrheic Dermatitis,True,,480,720,68.47
C:\Users\Shivk\OneDrive\Desktop\ML Project\Facial_Skin_Condition_Detection\dataset\Seborrheic_Dermatitis\t-seborrheic-dermatitis-94.jpg,t-seborrheic-dermatitis-94.jpg,Seborrheic Dermatitis,True,,480,720,85.04
C:\Users\Shivk\OneDrive\Desktop\ML Project\Facial_Skin_Condition_Detection\dataset\Seborrheic_Dermatitis\t-seborrheic-dermatitis-95.jpg,t-seborrheic-dermatitis-95.jpg,Seborrheic Dermatitis,True,,480,720,87.56
C:\Users\Shivk\OneDrive\Desktop\ML Project\Facial_Skin_Condition_Detection\dataset\Seborrheic_Dermatitis\t-seborrheic-dermatitis-98.jpg,t-seborrheic-dermatitis-98.jpg,Seborrheic Dermatitis,True,,472,720,133.43
C:\Users\Shivk\OneDrive\Desktop\ML Project\Facial_Skin_Condition_Detection\dataset\Seborrheic_Dermatitis\t-seborrheic-dermatitis-99.jpg,t-seborrheic-dermatitis-99.jpg,Seborrheic Dermatitis,True,,480,720,112.99
